id,doi,title,authorString,authorAffiliations,journalTitle,pubYear,isOpenAccess,keywords,nationalPriorities,healthCategories,abstract,laySummary,urls
PPR186543,https://doi.org/10.1101/2020.07.10.20150656,Diagnostic value of skin manifestation of SARS-CoV-2 infection,"Bataille V, Visconti A, Rossi N, Murray B, Bournot A, Wolf J, Ourselin S, Steves C, Spector T, Falchi M.",,No Journal Info,2020,Y,,,,"SARS-CoV-2 causes multiple immune-related reactions at various stages of the disease. The wide variety of skin presentations has delayed linking these to the virus. Previous studies had attempted to look at the prevalence and timing of SARS-COV-2 rashes but were based on mostly hospitalized severe cases and had little follow up. Using data collected on a subset of 336,847 eligible UK users of the COVID Symptom Study app, we observed that 8.8% of the swab positive cases (total: 2,021 subjects) reported either a body rash or an acral rash, compared to 5.4% of those with a negative swab test (total: 25,136). Together, these two skin presentations showed an odds ratio (OR) of 1.67 (95% confidence interval [CI]: 1.41-1.96) for being swab positive. Skin rashes were also predictive in the larger untested group of symptomatic app users (N=54,652), as 8.2% of those who had reported at least one classical COVID-19 symptom, i.e., fever, persistent cough, and/or anosmia, also reported a rash. Data from an independent online survey of 11,546 respondents with a rash showed that in 17% of swab positive cases, the rash was the initial presentation. Furthermore, in 21%, the rash was the only clinical sign. Skin rashes cluster with other COVID-19 symptoms, are predictive of a positive swab test and occur in a significant number of cases, either alone or before other classical symptoms. Recognising rashes is important in identifying new and earlier COVID-19 cases.",,doi:https://doi.org/10.1101/2020.07.10.20150656; html:https://europepmc.org/article/PPR/PPR186543; pdf:https://europepmc.org/api/fulltextRepo?pprId=PPR186543&type=FILE&fileName=EMS87210-pdf.pdf&mimeType=application/pdf
PPR187496,https://doi.org/10.1101/2020.07.15.20151852,"Effect of Hydroxychloroquine in Hospitalized Patients with COVID-19: Preliminary results from a multi-centre, randomized, controlled trial.","Horby P, Mafham M, Linsell L, Bell JL, Staplin N, Emberson JR, Wiselka M, Ustianowski A, Elmahi E, Prudon B, Whitehouse A, Felton T, Williams J, Faccenda J, Underwood J, Baillie JK, Chappell L, Faust SN, Jaki T, Jeffery K, Lim WS, Montgomery A, Rowan K, Tarning J, Watson JA, White NJ, Juszczak E, Haynes R, Landray MJ.",,No Journal Info,2020,Y,,,,"Background: Hydroxychloroquine and chloroquine have been proposed as treatments for coronavirus disease 2019 (COVID-19) on the basis of in vitro activity, uncontrolled data, and small randomized studies. Methods: The Randomised Evaluation of COVID-19 therapy (RECOVERY) trial is a randomized, controlled, open-label, platform trial comparing a range of possible treatments with usual care in patients hospitalized with COVID-19. We report the preliminary results for the comparison of hydroxychloroquine vs. usual care alone. The primary outcome was 28-day mortality. Results: 1561 patients randomly allocated to receive hydroxychloroquine were compared with 3155 patients concurrently allocated to usual care. Overall, 418 (26.8%) patients allocated hydroxychloroquine and 788 (25.0%) patients allocated usual care died within 28 days (rate ratio 1.09; 95% confidence interval [CI] 0.96 to 1.23; P=0.18). Consistent results were seen in all pre-specified subgroups of patients. Patients allocated to hydroxychloroquine were less likely to be discharged from hospital alive within 28 days (60.3% vs. 62.8%; rate ratio 0.92; 95% CI 0.85-0.99) and those not on invasive mechanical ventilation at baseline were more likely to reach the composite endpoint of invasive mechanical ventilation or death (29.8% vs. 26.5%; risk ratio 1.12; 95% CI 1.01-1.25). There was no excess of new major cardiac arrhythmia. Conclusions: In patients hospitalized with COVID-19, hydroxychloroquine was not associated with reductions in 28-day mortality but was associated with an increased length of hospital stay and increased risk of progressing to invasive mechanical ventilation or death.",,doi:https://doi.org/10.1101/2020.07.15.20151852; html:https://europepmc.org/article/PPR/PPR187496; pdf:https://europepmc.org/api/fulltextRepo?pprId=PPR187496&type=FILE&fileName=EMS87168-pdf.pdf&mimeType=application/pdf
PPR186981,https://doi.org/10.1101/2020.07.12.20152298,The effect of international travel restrictions on internal spread of COVID-19,"Russell TW, Wu J, Clifford S, Edmunds J, Kucharski AJ, Jit M.",,No Journal Info,2020,Y,,,,"Background: Countries have restricted international arrivals to delay the spread of COVID-19. These measures carry a high economic and social cost. They may have little impact on COVID-19 epidemics if there are many more cases resulting from local transmission compared to imported cases.  Methods: To inform decisions about international travel restrictions, we compared the ratio of expected COVID-19 cases from international travel (assuming no travel restrictions) to the expected COVID-19 cases arising from internal spread on an average day in May 2020 in each country. COVID-19 prevalence and incidence were estimated using a modelling framework that adjusts reported cases for under-ascertainment and asymptomatic infections. Findings: With May 2019 travel volumes, imported cases account for <10% of total incidence in 103 (95% credible interval: 76 - 130) out of 142 countries, and <1% in 48 (95% CrI: 9 - 95). If we assume that travel would decrease compared to May 2019 even in the absence of formal restrictions, then imported cases account for <10% of total incidence in 109-123 countries and <1% in 61-88 countries (depending on the assumptions about travel reductions).  Interpretation: While countries can expect infected travellers to arrive in the absence of travel restrictions, in most countries these imported cases likely contribute little to local COVID-19 epidemics. Stringent travel restrictions may have limited impact on epidemic dynamics except in countries with low COVID-19 incidence and large numbers of arrivals from other countries.",,doi:https://doi.org/10.1101/2020.07.12.20152298; html:https://europepmc.org/article/PPR/PPR186981; pdf:https://europepmc.org/api/fulltextRepo?pprId=PPR186981&type=FILE&fileName=EMS87133-pdf.pdf&mimeType=application/pdf
PPR179126,https://doi.org/10.1101/2020.06.22.20137216,"Proteomic blood profiling in mild, severe and critical COVID-19 patients","Patel H, Ashton NJ, Dobson RJ, Anderson L, Yilmaz A, Blennow K, Gisslen M, Zetterberg H.",,No Journal Info,2020,N,,,,"The recent SARS-CoV-2 pandemic manifests itself as a mild respiratory tract infection in the majority of individuals leading to COVID-19 disease. However, in some infected individuals, this can progress to severe pneumonia and acute respiratory distress syndrome (ARDS), leading to multi-organ failure and death. The purpose of this study is to explore the proteomic differences between mild, severe and critical COVID-19 positive patients. Blood protein profiling was performed on 59 COVID-19 mild (n=26), severe (n=9) or critical (n=24) cases and 28 controls using the OLINK inflammation, autoimmune, cardiovascular and neurology panels. Differential expression analysis was performed within and between disease groups to generate nine different analyses. From the 368 proteins measured per individual, more than 75% were observed to be significantly perturbed in COVID-19 cases. Six proteins (IL6, CKAP4, Gal-9, IL-1ra, LILRB4 and PD-L1) were identified to be associated with disease severity. The results have been made readily available through an interactive web-based application for instant data exploration and visualization, and can be accessed at https://phidatalab-shiny.rosalind.kcl.ac.uk/COVID19/. Our results demonstrate that dynamic changes in blood proteins that associate with disease severity can potentially be used as early biomarkers to monitor disease severity in COVID-19 and serve as potential therapeutic targets.",,doi:https://doi.org/10.1101/2020.06.22.20137216; html:https://europepmc.org/article/PPR/PPR179126; pdf:https://europepmc.org/api/fulltextRepo?pprId=PPR179126&type=FILE&fileName=EMS88241-pdf.pdf&mimeType=application/pdf; doi:https://doi.org/10.1101/2020.06.22.20137216
PPR191930,https://doi.org/10.1101/2020.07.24.20161281,Strategies to reduce the risk of SARS-CoV-2 re-introduction from international travellers,"Clifford S, Quilty BJ, Russell TW, Liu Y, Chan YD, Pearson CAB, Eggo RM, Endo A, Flasche S, Edmunds WJ, CMMID COVID-19 Working Group.",,No Journal Info,2020,Y,,,,"To mitigate SARS-CoV-2 transmission risks from international travellers, many countries currently use a combination of up to 14 days of self-quarantine on arrival and testing for active infection. We used a simulation model of air travellers arriving to the UK from the EU or the USA and the timing of their stages of infection to evaluate the ability of these strategies to reduce the risk of seeding community transmission. We find that a quarantine period of 8 days on arrival with a PCR test on day 7 (with a 1-day delay for test results) can reduce the number of infectious arrivals released into the community by a median 94% compared to a no quarantine, no test scenario. This reduction is similar to that achieved by a 14-day quarantine period (median 99% reduction). Shorter quarantine periods still can prevent a substantial amount of transmission; all strategies in which travellers spend at least 5 days (the mean incubation period) in quarantine and have at least one negative test before release are highly effective (e.g. a test on day 5 with release on day 6 results in a median 88% reduction in transmission potential). Without intervention, the current high prevalence in the US (40 per 10,000) results in a higher expected number of infectious arrivals per week (up to 23) compared to the EU (up to 12), despite an estimated 8 times lower volume of travel in July 2020.  Requiring a 14-day quarantine period likely results in less than 1 infectious traveller each entering the UK per week from the EU and the USA (97.5th percentile). We also find that on arrival the transmission risk is highest from pre-symptomatic travellers; quarantine policies will shift this risk increasingly towards asymptomatic infections if eventually-symptomatic individuals self-isolate after the onset of symptoms. As passenger numbers recover, strategies to reduce the risk of re-introduction should be evaluated in the context of domestic SARS-CoV-2 incidence, preparedness to manage new outbreaks, and the economic and psychological impacts of quarantine.",,doi:https://doi.org/10.1101/2020.07.24.20161281; html:https://europepmc.org/article/PPR/PPR191930; pdf:https://europepmc.org/api/fulltextRepo?pprId=PPR191930&type=FILE&fileName=EMS87861-pdf.pdf&mimeType=application/pdf
PPR178487,https://doi.org/10.1101/2020.06.19.20135491,"Inhaled corticosteroid use and risk COVID-19 related death among 966,461 patients with COPD or asthma: an OpenSAFELY analysis","The OpenSAFELY Collaborative, Schultze A, Walker AJ, MacKenna B, Morton CE, Bhaskaran K, Brown JP, Rentsch CT, Williamson EJ, Drysdale H, Croker R, Bacon S, Hulme WJ, Bates C, Curtis HJ, Mehrkar A, Evans D, Inglesby P, Cockburn J, McDonald HI, Tomlinson L, Mathur R, Wing K, Wong AY, Forbes H, Parry J, Hester F, Harper S, Evans SJ, Quint J, Smeeth L, Douglas IJ, Goldacre B.",,No Journal Info,2020,Y,,,,"Background: Early descriptions of the coronavirus outbreak showed a lower prevalence of asthma and COPD than was expected for people diagnosed with COVID-19, leading to speculation that inhaled corticosteroids (ICS) may protect against infection with SARS-CoV-2, and development of serious sequelae. We evaluated the association between ICS and COVID-19 related death using linked electronic health records in the UK. Methods: We conducted cohort studies on two groups of people (COPD and asthma) using the OpenSAFELY platform to analyse data from primary care practices linked to national death registrations. People receiving an ICS were compared to those receiving alternative respiratory medications. Our primary outcome was COVID-19 related death. Findings: We identified 148,588 people with COPD and 817,973 people with asthma receiving relevant respiratory medications in the four months prior to 01 March 2020. People with COPD receiving ICS were at a greater risk of COVID-19 related death compared to those receiving a long-acting beta agonist (LABA) and a long-acting muscarinic antagonist (LAMA) (adjusted HR = 1.38, 95% CI = 1.08 - 1.75). People with asthma receiving high dose ICS were at an increased risk of death compared to those receiving a short-acting beta agonist (SABA) only (adjusted HR = 1.52, 95%CI = 1.08 - 2.14); the adjusted HR for those receiving low-medium dose ICS was 1.10 (95% CI = 0.82 - 1.49). Quantitative bias analyses indicated that an unmeasured confounder of only moderate strength of association with exposure and outcome could explain the observed associations in both populations. Interpretation: These results do not support a major role of ICS in protecting against COVID-19 related deaths. Observed increased risks of COVID-19 related death among people with COPD and asthma receiving ICS can be plausibly explained by unmeasured confounding due to disease severity.",,doi:https://doi.org/10.1101/2020.06.19.20135491; html:https://europepmc.org/article/PPR/PPR178487; pdf:https://europepmc.org/api/fulltextRepo?pprId=PPR178487&type=FILE&fileName=EMS88284-pdf.pdf&mimeType=application/pdf
PPR160805,https://doi.org/10.1101/2020.05.07.20093849,The contribution of asymptomatic SARS-CoV-2 infections to transmission - a model-based analysis of the Diamond Princess outbreak,"Emery JC, Russel TW, Liu Y, Hellewell J, Pearson CA, Knight GM, Eggo RM, Kucharski AJ, Funk S, Flasche S, Houben RMGJ, CMMID 2019-nCoV working group.",,No Journal Info,2020,Y,Transmission; Asymptomatic Infections; Covid-19; Sars-cov-2,,,"Background: Some key gaps in the understanding of SARS-CoV-2 infection remain. One of them is the contribution to transmission from individuals experiencing asymptomatic infections. We aimed to characterise the proportion and infectiousness of asymptomatic infections using data from the outbreak on the Diamond Princess cruise ship.  Methods: We used a transmission model of COVID-19 with asymptomatic and presymptomatic states calibrated to outbreak data from the Diamond Princess, to quantify the contribution of asymptomatic infections to transmission. Data available included the date of symptom onset for symptomatic disease for passengers and crew, the number of symptom agnostic tests done each day, and date of positive test for asymptomatic and presymptomatic individuals. Findings: On the Diamond Princess 74% (70-78%) of infections proceeded asymptomatically, i.e. a 1:3.8 case-to-infection ratio. Despite the intense testing 53%, (51-56%) of infections remained undetected, most of them asymptomatic. Asymptomatic individuals were the source for 69% (20-85%) of all infections. While the data did not allow identification of the infectiousness of asymptomatic infections, assuming no or low infectiousness resulted in posterior estimates for the net reproduction number of an individual progressing through presymptomatic and symptomatic stages in excess of 15. Interpretation: Asymptomatic SARS-CoV-2 infections may contribute substantially to transmission. This is essential to consider for countries when assessing the potential effectiveness of ongoing control measures to contain COVID-19.",The work investigates the cases of COVID-19 recorded on the diamond princess cruise ship. The work identifies that many cases were asymptomatic and are likely to contribute to transmission.,doi:https://doi.org/10.1101/2020.05.07.20093849; html:https://europepmc.org/article/PPR/PPR160805; pdf:https://europepmc.org/api/fulltextRepo?pprId=PPR160805&type=FILE&fileName=EMS86859-pdf.pdf&mimeType=application/pdf
PPR180964,https://doi.org/10.1101/2020.06.26.20140921,Short Communication: Vitamin D and COVID-19 infection and mortality in UK Biobank,"Hastie CE, Pell JP, Sattar N.",,No Journal Info,2020,N,,,,"Purpose Vitamin D has been proposed as a potential causal factor in COVID-19 risk. We aimed to establish whether blood 25-hydroxyvitamin D (25(OH)D) concentration was associated with COVID-19 mortality, and inpatient confirmed COVID-19 infection, in UK Biobank participants.  Methods UK Biobank recruited 502,624 participants aged 37-73 years between 2006 and 2010. Baseline exposure data, including 25(OH)D concentration, were linked to COVID-19 mortality. Univariable and multivariable Cox proportional hazards regression analyses were performed for the association between 25(OH)D and COVID-19 death, and poisson regression analyses for the association between 25(OH)D and severe COVID-19 infection.  Results Complete data were available for 341,484 UK Biobank participants, of which 656 had inpatient confirmed COVID-19 infection and 203 died of COVID-19 infection. Vitamin D was associated with severe COVID-19 infection and mortality univariably (mortality HR=0.99; 95% CI 0.98-0.998; p=0.016), but not after adjustment for confounders (mortality HR=0.998; 95% CI=0.99-1.01; p=0.696). Conclusions Our findings do not support a potential link between vitamin D concentrations and risk of severe COVID-19 infection and mortality. Recommendations for vitamin D supplementation to lessen COVID-19 risks may provide false reassurance.",,doi:https://doi.org/10.1101/2020.06.26.20140921; html:https://europepmc.org/article/PPR/PPR180964; pdf:https://europepmc.org/api/fulltextRepo?pprId=PPR180964&type=FILE&fileName=EMS87883-pdf.pdf&mimeType=application/pdf; doi:https://doi.org/10.1101/2020.06.26.20140921
PPR176688,https://doi.org/10.1101/2020.06.15.20130328,Can we trust the prediction model? Demonstrating the importance of external validation by investigating the COVID-19 Vulnerability (C-19) Index across an international network of observational healthcare datasets,"Reps JM, Kim C, Williams RD, Markus AF, Yang C, Salles TD, Falconer T, Jonnagaddala J, Williams A, Fernandez-Bertolin S, DuVall SL, Kostka K, Rao G, Shoaibi A, Ostropolets A, Spotnitz ME, Zhang L, Casajust P, Steyerberg E, Nyberg F, Kaas-Hansen BS, Choi YH, Morales D, Liaw S, Abrahao MTF, Areia C, Matheny ME, Aragon M, Park RW, Hripcsak G, Reich CG, Suchard MA, You SC, Ryan PB, Prieto-Alhambra D, Rijnbeek PR.",,No Journal Info,2020,Y,,,,"Background: SARS-CoV-2 is straining healthcare systems globally. The burden on hospitals during the pandemic could be reduced by implementing prediction models that can discriminate between patients requiring hospitalization and those who do not. The COVID-19 vulnerability (C-19) index, a model that predicts which patients will be admitted to hospital for treatment of pneumonia or pneumonia proxies, has been developed and proposed as a valuable tool for decision making during the pandemic. However, the model is at high risk of bias according to the Prediction model Risk Of Bias ASsessment Tool and has not been externally validated.  Methods: We followed the OHDSI framework for external validation to assess the reliability of the C-19 model. We evaluated the model on two different target populations: i) 41,381 patients that have SARS-CoV-2 at an outpatient or emergency room visit and ii) 9,429,285 patients that have influenza or related symptoms during an outpatient or emergency room visit, to predict their risk of hospitalization with pneumonia during the following 0 to 30 days. In total we validated the model across a network of 14 databases spanning the US, Europe, Australia and Asia. Findings: The internal validation performance of the C-19 index was a c-statistic of 0.73 and calibration was not reported by the authors. When we externally validated it by transporting it to SARS-CoV-2 data the model obtained c-statistics of 0.36, 0.53 (0.473-0.584) and 0.56 (0.488-0.636) on Spanish, US and South Korean datasets respectively. The calibration was poor with the model under-estimating risk. When validated on 12 datasets containing influenza patients across the OHDSI network the c-statistics ranged between 0.40-0.68. Interpretation: The results show that the discriminative performance of the C-19 model is low for influenza cohorts, and even worse amongst COVID-19 patients in the US, Spain and South Korea. These results suggest that C-19 should not be used to aid decision making during the COVID-19 pandemic. Our findings highlight the importance of performing external validation across a range of settings, especially when a prediction model is being extrapolated to a different population. In the field of prediction, extensive validation is required to create appropriate trust in a model.",,doi:https://doi.org/10.1101/2020.06.15.20130328; html:https://europepmc.org/article/PPR/PPR176688; pdf:https://europepmc.org/api/fulltextRepo?pprId=PPR176688&type=FILE&fileName=EMS88261-pdf.pdf&mimeType=application/pdf
PPR179288,https://doi.org/10.1101/2020.06.22.20137273,Effect of Dexamethasone in Hospitalized Patients with COVID-19: Preliminary Report,"Horby P, Lim WS, Emberson J, Mafham M, Bell J, Linsell L, Staplin N, Brightling C, Ustianowski A, Elmahi E, Prudon B, Green C, Felton T, Chadwick D, Rege K, Fegan C, Chappell LC, Faust SN, Jaki T, Jeffery K, Montgomery A, Rowan K, Juszczak E, Baillie JK, Haynes R, Landray MJ, RECOVERY Collaborative Group.",,No Journal Info,2020,Y,,,,"Background: Coronavirus disease 2019 (COVID-19) is associated with diffuse lung damage. Corticosteroids may modulate immune-mediated lung injury and reducing progression to respiratory failure and death. Methods: The Randomised Evaluation of COVID-19 therapy (RECOVERY) trial is a randomized, controlled, open-label, adaptive, platform trial comparing a range of possible treatments with usual care in patients hospitalized with COVID-19. We report the preliminary results for the comparison of dexamethasone 6 mg given once daily for up to ten days vs. usual care alone. The primary outcome was 28-day mortality. Results: 2104 patients randomly allocated to receive dexamethasone were compared with 4321 patients concurrently allocated to usual care. Overall, 454 (21.6%) patients allocated dexamethasone and 1065 (24.6%) patients allocated usual care died within 28 days (age-adjusted rate ratio [RR] 0.83; 95% confidence interval [CI] 0.74 to 0.92; P<0.001). The proportional and absolute mortality rate reductions varied significantly depending on level of respiratory support at randomization (test for trend p<0.001): Dexamethasone reduced deaths by one-third in patients receiving invasive mechanical ventilation (29.0% vs. 40.7%, RR 0.65 [95% CI 0.51 to 0.82]; p<0.001), by one-fifth in patients receiving oxygen without invasive mechanical ventilation (21.5% vs. 25.0%, RR 0.80 [95% CI 0.70 to 0.92]; p=0.002), but did not reduce mortality in patients not receiving respiratory support at randomization (17.0% vs. 13.2%, RR 1.22 [95% CI 0.93 to 1.61]; p=0.14). Conclusions: In patients hospitalized with COVID-19, dexamethasone reduced 28-day mortality among those receiving invasive mechanical ventilation or oxygen at randomization, but not among patients not receiving respiratory support.",,doi:https://doi.org/10.1101/2020.06.22.20137273; html:https://europepmc.org/article/PPR/PPR179288; pdf:https://europepmc.org/api/fulltextRepo?pprId=PPR179288&type=FILE&fileName=EMS88343-pdf.pdf&mimeType=application/pdf
PPR184537,https://doi.org/10.1101/2020.07.03.20145912,Ultraviolet A Radiation and COVID-19 Deaths: A Multi Country Study,"Cherrie M, Clemens T, Colandrea C, Feng Z, Webb D, Dibben C, Weller RB.",,No Journal Info,2020,Y,,,,"Objectives To determine whether UVA exposure might be associated with COVID-19 deaths Design Ecological regression, with replication in two other countries and pooled estimation Setting 2,474 counties of the contiguous USA, 6,755 municipalities in Italy, 6,274 small areas in England. Only small areas in their 'Vitamin D winter' (monthly mean UVvitd of under 165 KJ/m2) from Jan to April 2020. Participants The 'at-risk' population is the total small area population, with measures to incorporate spatial infection into the model. The model is adjusted for potential confounders including long-term winter temperature and humidity. Main outcome measures We derive UVA measures for each area from remote sensed data and estimate their relationship with COVID-19 mortality with a random effect for States, in a multilevel zero-inflated negative binomial model. In the USA and England death certificates had to record COVID-19. In Italy excess deaths in 2020 over expected from 2015-19. Data sources Satellite derived mean daily UVA dataset from Japan Aerospace Exploration Agency. Data on deaths compiled by Center for Disease Control (USA), Office for National Statistics (England) and Italian Institute of Statistics. Results Daily mean UVA (January-April 2020) varied between 450 to 1,000 KJ/m2 across the three countries. Our fully adjusted model showed an inverse correlation between UVA and COVID-19 mortality with a Mortality Risk Ratio (MRR) of 0.71 (0.60 to 0.85) per 100KJ/m2 increase UVA in the USA, 0.81 (0.71 to 0.93) in Italy and 0.49 (0.38 to 0.64) in England. Pooled MRR was 0.68 (0.52 to 0.88). Conclusions Our analysis, replicated in 3 independent national datasets, suggests ambient UVA exposure is associated with lower COVID-19 specific mortality. This effect is independent of vitamin D, as it occurred at irradiances below that likely to induce significant cutaneous vitamin D3 synthesis. Causal interpretations must be made cautiously in observational studies. Nonetheless this study suggests strategies for reduction of COVID-19 mortality.",,doi:https://doi.org/10.1101/2020.07.03.20145912; html:https://europepmc.org/article/PPR/PPR184537; pdf:https://europepmc.org/api/fulltextRepo?pprId=PPR184537&type=FILE&fileName=EMS87521-pdf.pdf&mimeType=application/pdf
PPR191969,https://doi.org/10.1101/2020.07.22.20159772,Projecting contact matrices in 177 geographical regions: an update and comparison with empirical data for the COVID-19 era,"Prem K, van Zandvoort K, Klepac P, Eggo RM, Davies NG, Cook AR, Jit M, Centre for the Mathematical Modelling of Infectious Diseases COVID-19 Working Group.",,No Journal Info,2020,Y,,,,"Mathematical models have played a key role in understanding the spread of directly-transmissible infectious diseases such as Coronavirus Disease 2019 (COVID-19), as well as the effectiveness of public health responses. As the risk of contracting directly-transmitted infections depends on who interacts with whom, mathematical models often use contact matrices to characterise the spread of infectious pathogens. These contact matrices are usually generated from diary-based contact surveys. However, the majority of places in the world do not have representative empirical contact studies, so synthetic contact matrices have been constructed using more widely available setting-specific survey data on household, school, classroom, and workplace composition combined with empirical data on contact patterns in Europe. In 2017, the largest set of synthetic contact matrices to date were published for 152 geographical locations. In this study, we update these matrices with the most recent data and extend our analysis to 177 geographical locations. Due to the observed geographic differences within countries, we also quantify contact patterns in rural and urban settings where data is available. Further, we compare both the 2017 and 2020 synthetic matrices to out-of-sample empirically-constructed contact matrices, and explore the effects of using both the empirical and synthetic contact matrices when modelling physical distancing interventions for the COVID-19 pandemic. We found that the synthetic contact matrices reproduce the main traits of the contact patterns in the empirically-constructed contact matrices. Models parameterised with the empirical and synthetic matrices generated similar findings with few differences observed in age groups where the empirical matrices have missing or aggregated age groups. This finding means that synthetic contact matrices may be used in modelling outbreaks in settings for which empirical studies have yet to be conducted.",,doi:https://doi.org/10.1101/2020.07.22.20159772; html:https://europepmc.org/article/PPR/PPR191969; pdf:https://europepmc.org/api/fulltextRepo?pprId=PPR191969&type=FILE&fileName=EMS87995-pdf.pdf&mimeType=application/pdf
PPR184933,https://doi.org/10.1101/2020.07.07.20148460,Reconstructing the global dynamics of under-ascertained COVID-19 cases and infections,"Golding N, Russell TW, Abbott S, Hellewell J, Pearson CAB, van Zandvoort K, Jarvis CI, Gibbs H, Liu Y, Eggo RM, Edmunds JW, Kucharski AJ.",,No Journal Info,2020,Y,,,,"Background: Asymptomatic or subclinical SARS-CoV-2 infections are often unreported, which means that confirmed case counts may not accurately reflect underlying epidemic dynamics. Understanding the level of ascertainment (the ratio of confirmed symptomatic cases to the true number of symptomatic individuals) and undetected epidemic progression is crucial to informing COVID-19 response planning, including the introduction and relaxation of control measures. Estimating case ascertainment over time allows for accurate estimates of specific outcomes such as seroprevalence, which is essential for planning control measures.  Methods: Using reported data on COVID-19 cases and fatalities globally, we estimated the proportion of symptomatic cases (i.e. any person with any of fever >= to 37.5C, cough, shortness of breath, sudden onset of anosmia, ageusia or dysgeusia illness) that were reported in 210 countries and territories, given those countries had experienced more than ten deaths. We used published estimates of the case fatality ratio (CFR) as an assumed baseline. We then calculated the ratio of this baseline CFR to an estimated local delay-adjusted CFR to estimate the level of under-ascertainment in a particular location. We then fit a Bayesian Gaussian process model to estimate the temporal pattern of under-ascertainment.  Results: We estimate that, during March 2020, the median percentage of symptomatic cases detected across the 84 countries which experienced more than ten deaths ranged from 2.38% (Bangladesh) to 99.6% (Chile). Across the ten countries with the highest number of total confirmed cases as of 6th July 2020, we estimated that the peak number of symptomatic cases ranged from 1.4 times (Chile) to 17.8 times (France) larger than reported. Comparing our model with national and regional seroprevalence data where available, we find that our estimates are consistent with observed values. Finally, we estimated seroprevalence for each country. Despite low case detection in some countries, our results that adjust for this still suggest that all countries have had only a small fraction of their populations infected as of July 2020.  Conclusions: We found substantial under-ascertainment of symptomatic cases, particularly at the peak of the first wave of the SARS-CoV-2 pandemic, in many countries. Reported case counts will therefore likely underestimate the rate of outbreak growth initially and underestimate the decline in the later stages of an epidemic. Although there was considerable under-reporting in many locations, our estimates were consistent with emerging serological data, suggesting that the proportion of each country's population infected with SARS-CoV-2 worldwide is generally low.",,doi:https://doi.org/10.1101/2020.07.07.20148460; html:https://europepmc.org/article/PPR/PPR184933; pdf:https://europepmc.org/api/fulltextRepo?pprId=PPR184933&type=FILE&fileName=EMS87337-pdf.pdf&mimeType=application/pdf
PPR178438,https://doi.org/10.1101/2020.06.18.20134742,Racial and ethnic determinants of Covid-19 risk,"Lo C, Nguyen LH, Drew DA, Graham MS, Warner ET, Joshi AD, Astley CM, Guo C, Ma W, Mehta RS, Kwon S, Song M, Davies R, Capdevila J, Lee KA, Lochlainn MN, Varsavsky T, Sudre CH, Wolf J, Cozier YC, Rosenberg L, Wilkens LR, Haiman CA, Marchand LL, Palmer JR, Spector TD, Ourselin S, Steves CJ, Chan AT, COPE Consortium.",,No Journal Info,2020,Y,,,,"Background Racial and ethnic minorities have disproportionately high hospitalization rates and mortality related to the novel coronavirus disease 2019 (Covid-19). There are comparatively scant data on race and ethnicity as determinants of infection risk. Methods We used a smartphone application (beginning March 24, 2020 in the United Kingdom [U.K.] and March 29, 2020 in the United States [U.S.]) to recruit 2,414,601 participants who reported their race/ethnicity through May 25, 2020 and employed logistic regression to determine the adjusted odds ratios (aORs) and 95% confidence intervals (CIs) for a positive Covid-19 test among racial and ethnic groups.  Results We documented 8,858 self-reported cases of Covid-19 among 2,259,841 non-Hispanic white; 79 among 9,615 Hispanic; 186 among 18,176 Black; 598 among 63,316 Asian; and 347 among 63,653 other racial minority participants. Compared with non-Hispanic white participants, the risk for a positive Covid-19 test was increased across racial minorities (aORs ranging from 1.24 to 3.51). After adjustment for socioeconomic indices and Covid-19 exposure risk factors, the associations (aOR [95% CI]) were attenuated but remained significant for Hispanic (1.58 [1.24-2.02]) and Black participants (2.56 [1.93-3.39]) in the U.S. and South Asian (1.52 [1.38-1.67]) and Middle Eastern participants (1.56 [1.25-1.95]) in the U.K. A higher risk of Covid-19 and seeking or receiving treatment was also observed for several racial/ethnic minority subgroups.  Conclusions Our results demonstrate an increase in Covid-19 risk among racial and ethnic minorities not completely explained by other risk factors for Covid-19, comorbidities, and sociodemographic characteristics. Further research investigating these disparities are needed to inform public health measures.",,doi:https://doi.org/10.1101/2020.06.18.20134742; html:https://europepmc.org/article/PPR/PPR178438; pdf:https://europepmc.org/api/fulltextRepo?pprId=PPR178438&type=FILE&fileName=EMS88297-pdf.pdf&mimeType=application/pdf
PPR116550,https://doi.org/10.1101/2020.03.05.20031773,Estimating the infection and case fatality ratio for COVID-19 using age-adjusted data from the outbreak on the Diamond Princess cruise ship,"Russell TW, Hellewell J, Jarvis CI, van-Zandvoort K, Abbott S, Ratnayake R, Flasche S, Eggo RM, Kucharski AJ, CMMID nCov working group.",,No Journal Info,2020,Y,,,,"Adjusting for delay from confirmation-to-death, we estimated case and infection fatality ratios (CFR, IFR) for COVID-19 on the Diamond Princess ship as 2.3% (0.75%-5.3%) and 1.2% (0.38-2.7%). Comparing deaths onboard with expected deaths based on naive CFR estimates using China data, we estimate IFR and CFR in China to be 0.5% (95% CI: 0.2-1.2%) and 1.1% (95% CI: 0.3-2.4%) respectively.",,doi:https://doi.org/10.1101/2020.03.05.20031773; html:https://europepmc.org/article/PPR/PPR116550; pdf:https://europepmc.org/api/fulltextRepo?pprId=PPR116550&type=FILE&fileName=EMS89041-pdf.pdf&mimeType=application/pdf
PPR112809,https://doi.org/10.1101/2020.02.12.20022426,Effectiveness of interventions targeting air travellers for delaying local outbreaks of SARS-CoV-2,"Clifford SJ, Pearson CAB, Klepac P, Van Zandvoort K, Quilty BJ, Eggo RM, Flasche S, CMMID COVID-19 working group.",,No Journal Info,2020,Y,,,,"Background: We evaluated if interventions aimed at air travellers can delay local SARS-CoV-2 community transmission in a previously unaffected country. Methods: We simulated infected air travellers arriving into countries with no sustained SARS-CoV-2 transmission or other introduction routes from affected regions. We assessed the effectiveness of syndromic screening at departure and/or arrival & traveller sensitisation to the COVID-2019-like symptoms with the aim to trigger rapid self-isolation and reporting on symptom onset to enable contact tracing. We assumed that syndromic screening would reduce the number of infected arrivals and that traveller sensitisation reduces the average number of secondary cases. We use stochastic simulations to account for uncertainty in both arrival and secondary infections rates, and present sensitivity analyses on arrival rates of infected travellers and the effectiveness of traveller sensitisation. We report the median expected delay achievable in each scenario and an inner 50% interval. Results: Under baseline assumptions, introducing exit and entry screening in combination with traveller sensitisation can delay a local SARS-CoV-2 outbreak by 8 days (50% interval: 3-14 days) when the rate of importation is 1 infected traveller per week at time of introduction. The additional benefit of entry screening is small if exit screening is effective: the combination of only exit screening and traveller sensitisation can delay an outbreak by 7 days (50% interval: 2-13 days). In the absence of screening, with less effective sensitisation, or a higher rate of importation, these delays shrink rapidly to less than 4 days. Conclusion: Syndromic screening and traveller sensitisation in combination may have marginally delayed SARS-CoV-2 outbreaks in unaffected countries.",Clifford et al. possible interventions for air travellers that may delay the COVID-19 outbreak in the countries that have not yet had it. They have shown that symptom screening at airports and isolation of those with symptoms can support local containment only if the number of infected travellers are low.,doi:https://doi.org/10.1101/2020.02.12.20022426; html:https://europepmc.org/article/PPR/PPR112809; pdf:https://europepmc.org/api/fulltextRepo?pprId=PPR112809&type=FILE&fileName=EMS88768-pdf.pdf&mimeType=application/pdf
PPR181164,https://doi.org/10.1101/2020.06.28.20141986,Protocol for the development and evaluation of a tool for predicting risk of short-term adverse outcomes due to COVID-19 in the general UK population,"Hippisley-Cox J, Clift AK, Coupland CA, Keogh R, Diaz-Ordaz K, Williamson E, Harrison E, Hayward A, Hemingway H, Horby P, Mehta N, Benger JK, Khunti K, Spiegelhalter D, Sheikh A, Valabhji J, Lyons RA, Robson J, Semple MG, Kee F, Johnson P, Jebb S, Williams T, Coggon D.",,No Journal Info,2020,Y,,,,"Introduction: Novel coronavirus 2019 (COVID-19) has propagated a global pandemic with significant health, economic and social costs. Emerging emergence has suggested that several factors may be associated with increased risk from severe outcomes or death from COVID-19. Clinical risk prediction tools have significant potential to generate individualised assessment of risk and may be useful for population stratification and other use cases.  Methods and analysis: We will use a prospective open cohort study of routinely collected data from 1205 general practices in England in the QResearch database. The primary outcome is COVID-19 mortality (in or out-of-hospital) defined as confirmed or suspected COVID-19 mentioned on the death certificate, or death occurring in a person with SARS-CoV-2 infection between 24th January and 30th April 2020. Our primary outcome in adults is COVID-19 mortality (including out of hospital and in hospital deaths). We will also examine COVID-19 hospitalisation in children. Time-to-event models will be developed in the training data to derive separate risk equations in adults (19-100 years) for males and females for evaluation of risk of each outcome within the 3-month follow-up period (24th January to 30th April 2020), accounting for competing risks. Predictors considered will include age, sex, ethnicity, deprivation, smoking status, alcohol intake, body mass index, pre-existing medical co-morbidities, and concurrent medication. Measures of performance (prediction errors, calibration and discrimination) will be determined in the test data for men and women separately and by ten-year age group. For children, descriptive statistics will be undertaken if there are currently too few serious events to allow development of a risk model. The final model will be externally evaluated in (a) geographically separate practices and (b) other relevant datasets as they become available. Ethics and dissemination: The project has ethical approval and the results will be submitted for publication in a peer-reviewed journal.",,doi:https://doi.org/10.1101/2020.06.28.20141986; html:https://europepmc.org/article/PPR/PPR181164; pdf:https://europepmc.org/api/fulltextRepo?pprId=PPR181164&type=FILE&fileName=EMS87472-pdf.pdf&mimeType=application/pdf
PPR114828,https://doi.org/10.1101/2020.02.26.20028167,Estimation of country-level basic reproductive ratios for novel Coronavirus (COVID-19) using synthetic contact matrices,"Hilton J, Keeling MJ.",,No Journal Info,2020,Y,,,,"The outbreak of novel coronavirus (COVID-19) has the potential for global spread, infecting large numbers in all countries. In this case, estimating the country-specific basic reproductive ratio is a vital first step in public-health planning. The basic reproductive ratio ( R 0 ) is determined by both the nature of pathogen and the network of contacts through which the disease can spread - with this network determined by socio-demographics including age-structure and household composition. Here we focus on the age-structured transmission within the population, using data from China to inform age-dependent susceptibility and synthetic age-mixing matrices to inform the contact network. This allows us to determine the country-specific basic reproductive ratio as a multiplicative scaling of the value from China. We predict that R 0 will be highest across Eastern Europe and Japan, and lowest across Africa, Central America and South-Western Asia. This pattern is largely driven by the ratio of children to older adults in each country and the observed propensity of clinical cases in the elderly.","This paper aims to estimate country-specific reproductive ratio, which is determined by the nature of the virus and the network of contacts through which teh disease can spread. The authors predict that the reproductive ratio will be highest across Eastern Europe and Japan, and lowest across Africa, Central America and South-Western Asia. This was based on the ratio of children to older adults in each country, as well as the observed frequency of cases in the elderly.",doi:https://doi.org/10.1101/2020.02.26.20028167; html:https://europepmc.org/article/PPR/PPR114828; pdf:https://europepmc.org/api/fulltextRepo?pprId=PPR114828&type=FILE&fileName=EMS88861-pdf.pdf&mimeType=application/pdf
PPR129796,https://doi.org/10.1101/2020.03.24.20043018,Age-dependent effects in the transmission and control of COVID-19 epidemics,"Davies NG, Klepac P, Liu Y, Prem K, Jit M, Eggo RM, CMMID COVID-19 working group.",,No Journal Info,2020,Y,,,,"The COVID-19 pandemic has shown a markedly low proportion of cases among children. Age disparities in observed cases could be explained by children having lower susceptibility to infection, lower propensity to show clinical symptoms, or both. We evaluate these possibilities by fitting an age-structured mathematical model to epidemic data from six countries. We estimate that clinical symptoms occur in 25% (95% CrI: 19-32%) of infections in 10-19-year-olds, rising to 76% (68-82%) in over-70s, and that susceptibility to infection in under-20s is approximately half that of older adults. Accordingly, we find that interventions aimed at children may have a relatively small impact on total cases, particularly if the transmissibility of subclinical infections is low. The age-specific clinical fraction and susceptibility we have estimated has implications for the expected global burden of COVID-19 because of demographic differences across settings: in younger populations, the expected clinical attack rate would be lower, although it is likely that comorbidities in low-income countries will affect disease severity. Without effective control measures, regions with older populations may see disproportionally more clinical cases, particularly in the later stages of the pandemic.","COVID-19 reported cases amongst young children are low while old people are at higher risk of disease and death. Davies et al. investigated the source of difference in young vs older subgroups. Theyâ€™ve used mathematical models on data of 6 countries and shown that the probability of getting symptoms, rising from 20% in under 10s to over 70% in older adults.

Alternative lay summary: This study aimed to explain the differences in the risk of infection with COVID-19 between people of different ages, using data from 6 countries. The authors found that age was a very important factor in showing signs of infection (20% chance of having symptoms aged <10y, 70% in older adults), but that age may not influence the chance of being infected. These findings are important because they suggest that closing schools may be less effective in preventing spread of infection than for infections like influenza where children play a bigger role in spreading the disease.",doi:https://doi.org/10.1101/2020.03.24.20043018; html:https://europepmc.org/article/PPR/PPR129796; pdf:https://europepmc.org/api/fulltextRepo?pprId=PPR129796&type=FILE&fileName=EMS89351-pdf.pdf&mimeType=application/pdf
PPR187554,https://doi.org/10.1101/2020.07.14.20152629,Covid-19 infection and attributable mortality in UK Long Term Care Facilities: Cohort study using active surveillance and electronic records (March-June 2020),"Dutey-Magni PF, Williams H, Jhass A, Rait G, Hemingway H, Hayward AC, Shallcross L.",,No Journal Info,2020,Y,,,,"Background: Rates of Covid-19 infection have declined in many countries, but outbreaks persist in residents of long-term care facilities (LTCFs) who are at high risk of severe outcomes. Epidemiological data from LTCFs are scarce. We used population-level active surveillance to estimate incidence of, and risk factors for Covid-19, and attributable mortality in elderly residents of LTCFs. Methods: Cohort study using individual-level electronic health records from 8,713 residents and daily counts of infection for 9,339 residents and 11,604 staff across 179 UK LTCFs. We modelled risk factors for infection and mortality using Cox proportional hazards and estimated attributable fractions. Findings: 2,075/9,339 residents developed Covid-19 symptoms (22.2% [95% confidence interval: 21.4%; 23.1%]), while 951 residents (10.2% [9.6%; 10.8%]) and 585 staff (5.0% [4.7%; 5.5%]) had laboratory confirmed infections. Confirmed infection incidence in residents and staff respectively was 152.6 [143.1; 162.6] and 62.3 [57.3; 67.5] per 100,000 person-days. 121/179 (67.6%) LTCFs had at least one Covid-19 infection or death. Lower staffing ratios and higher occupancy rates were independent risk factors for infection. 1,694 all-cause deaths occurred in 8,713 (19.4% [18.6%; 20.3%]) residents. 217 deaths occurred in 607 residents with confirmed infection (case-fatality rate: 35.7% [31.9%; 39.7%]). 567/1694 (33.5%) of all-cause deaths were attributable to Covid-19, 28.0% of which occurred in residents with laboratory-confirmed infection. The remainder of excess deaths occurred in asymptomatic or symptomatic residents in the context of limited testing for infection, suggesting substantial under-ascertainment. Interpretation: 1 in 5 residents had symptoms of infection during the pandemic, but many cases were not tested. Higher occupancy and lower staffing levels increase infection risk. Disease control measures should integrate active surveillance and testing with fundamental changes in staffing and care home occupancy to protect staff and residents from infection. Funding: Economic and Social Research Council [ES/V003887/1].",,doi:https://doi.org/10.1101/2020.07.14.20152629; html:https://europepmc.org/article/PPR/PPR187554; pdf:https://europepmc.org/api/fulltextRepo?pprId=PPR187554&type=FILE&fileName=EMS87167-pdf.pdf&mimeType=application/pdf
PPR185844,https://doi.org/10.1101/2020.07.08.20148965,A case-control and cohort study to determine the relationship between ethnic background and severe COVID-19,"Zakeri R, Bendayan R, Ashworth M, Bean DM, Dodhia H, Durbaba S, O Gallagher K, Palmer C, Curcin V, Aitken E, Bernal W, Barker RD, Norton S, Gulliford MC, Teo JT, Galloway J, Dobson RJ, Shah AM.",,No Journal Info,2020,Y,,,,"Background. People of minority ethnic background may be disproportionately affected by severe COVID-19 for reasons that are unclear. We sought to examine the relationship between ethnic background and (1) hospital admission for severe COVID-19; (2) in-hospital mortality.  Methods. We conducted a case-control study of 872 inner city adult residents admitted to hospital with confirmed COVID-19 (cases) and 3,488 matched controls randomly sampled from a primary healthcare database comprising 344,083 people resident in the same region. To examine in-hospital mortality, we conducted a cohort study of 1827 adults consecutively admitted with COVID-19. Data collected included hospital admission for COVID-19, demographics, comorbidities, in-hospital mortality. The primary exposure variable was self-defined ethnicity.  Results. The 872 cases comprised 48.1% Black, 33.7% White, 12.6% Mixed/Other and 5.6% Asian patients. In conditional logistic regression analyses, Black and Mixed/Other ethnicity were associated with higher admission risk than white (OR 3.12 [95% CI 2.63-3.71] and 2.97 [2.30- 3.85] respectively). Adjustment for comorbidities and deprivation modestly attenuated the association (OR 2.28 [1.87-2.79] for Black, 2.66 [2.01-3.52] for Mixed/Other). Asian ethnicity was not associated with higher admission risk (OR 1.20 [0.86-1.66]). In the cohort study of 1827 patients, 455 (28.9%) died over a median (IQR) of 8 (4-16) days. Age and male sex, but not Black (adjusted HR 0.84 [0.63-1.11]) or Mixed/Other ethnicity (adjusted HR 0.69 [0.43-1.10]), were associated with in-hospital mortality. Asian ethnicity was associated with higher in-hospital mortality (adjusted HR 1.54 [0.98-2.41]).  Conclusions. Black and Mixed ethnicity are independently associated with greater admission risk with COVID-19 and may be risk factors for development of severe disease. Comorbidities and socioeconomic factors only partly account for this and additional ethnicity-related factors may play a large role. The impact of COVID-19 may be different in Asians.",,doi:https://doi.org/10.1101/2020.07.08.20148965; html:https://europepmc.org/article/PPR/PPR185844; pdf:https://europepmc.org/api/fulltextRepo?pprId=PPR185844&type=FILE&fileName=EMS87258-pdf.pdf&mimeType=application/pdf
PPR141100,https://doi.org/10.1101/2020.04.05.20054528,"Estimating number of cases and spread of Coronavirus disease 2019 (COVID-19) in the United Kingdom using critical care admissions, February to March 2020","Jit M, Jombart T, Nightingale E, Endo A, Abbott S, Edmunds WJ.",,No Journal Info,2020,Y,,,,"An exponential growth model was fitted to critical care admissions from multiple surveillance databases to determine likely COVID-19 case numbers and growth in the United Kingdom from 16 February - 23 March 2020, after which a national lockdown occurred. We estimate that on 23 March, there were 102,000 (median; 95% credible interval 54,000 - 155,000) new cases and 320 (211 - 412) new critical care reports, with 464,000 (266,000 - 628,000) cumulative cases since 16 February.",,doi:https://doi.org/10.1101/2020.04.05.20054528; html:https://europepmc.org/article/PPR/PPR141100; pdf:https://europepmc.org/api/fulltextRepo?pprId=PPR141100&type=FILE&fileName=EMS89677-pdf.pdf&mimeType=application/pdf
PPR179144,https://doi.org/10.1101/2020.06.21.20136853,Modelling the impact of lockdown easing measures on cumulative COVID-19 cases and deaths in England,"Ziauddeen H, Subramaniam N, Gurdasani D.",,No Journal Info,2020,Y,,,,"Background: As countries begin to ease the lockdown measures instituted to control the COVID-19 pandemic, there is a risk of a resurgence of the pandemic, and early reports of this are already emerging from some countries. Unlike many other countries, the UK started easing lockdown in England when levels of community transmission were still high, and this could have a major impact on case numbers and deaths. However thus far, the likely impacts of easing restrictions at this point in the pandemic have not been quantified. Using a Bayesian model, we assessed the potential impacts of successive lockdown easing measures in England, focussing on scenarios where the reproductive number (R) remains <1 in line with the UK governments stated aim.  Methods: We developed a Bayesian model to infer incident cases and R in England, from incident death data from the Office of National Statistics. We then used this to forecast excess cases and deaths in multiple plausible scenarios in which R increases at one or more time points, compared to a baseline scenario where R remains unchanged by the easing of lockdown. Findings: The model inferred an R of 0.752 on the 13th May when England first started easing lockdown. In the most conservative scenario where R increases to 0.80 as lockdown was eased further on 1st June and then remained constant, the model predicts an excess 257 (95% 108-492) deaths and 26,447 (95% CI 11,105-50,549) cumulative cases over 90 days. In the scenario with maximal increases in R (but staying <1) with successive easing of lockdown, the model predicts 3,174 (95% 1,334-6,060) excess cumulative deaths and 421,310 (95% 177,012-804,811) excess cases.  Results: When levels of transmission are high, even small changes in R with easing of lockdown can have significant impacts on expected cases and deaths, even if R remains <1. This will have a major impact on population health, tracing systems and health care services in England. Following an elimination strategy rather than one of maintenance of R below 1 would substantially mitigate the impact of the COVID-19 epidemic within England. This study provides urgently needed information for developing public health policy for the next stages of the pandemic.",,doi:https://doi.org/10.1101/2020.06.21.20136853; html:https://europepmc.org/article/PPR/PPR179144; pdf:https://europepmc.org/api/fulltextRepo?pprId=PPR179144&type=FILE&fileName=EMS88438-pdf.pdf&mimeType=application/pdf
PPR186560,https://doi.org/10.1101/2020.07.10.20151118,The 4C Initiative (Clinical Care for Cardiovascular disease in the COVID-19 pandemic): monitoring the indirect impact of the coronavirus pandemic on services for cardiovascular diseases in the UK,"CVD-COVID-UK Consortium, Ball S, Banerjee A, Berry C, Boyle J, Bray B, Bradlow W, Chaudhry A, Crawley R, Danesh J, Denniston A, Falter F, Figueroa J, Hall C, Hemingway H, Jefferson E, Johnson T, King G, Lee K, McKean P, Mason S, Mills N, Pearson E, Pirmohamed M, Poon MT, Priedon R, Shah A, Sofat R, Sterne J, Strachan F, Sudlow CL, Szarka Z, Whiteley W, Wyatt M.",,No Journal Info,2020,Y,,,,"Background: The coronavirus (COVID-19) pandemic affects cardiovascular diseases (CVDs) directly through infection and indirectly through health service reorganisation and public health policy. Real-time data are needed to quantify direct and indirect effects. We aimed to monitor hospital activity for presentation, diagnosis and treatment of CVDs during the pandemic to inform on indirect effects. Methods: We analysed aggregate data on presentations, diagnoses and treatments or procedures for selected CVDs (acute coronary syndromes, heart failure, stroke and transient ischaemic attack, venous thromboembolism, peripheral arterial disease and aortic aneurysm) in UK hospitals before and during the COVID-19 epidemic. We produced an online visualisation tool to enable near real-time monitoring of trends. Findings: Nine hospitals across England and Scotland contributed hospital activity data from 28 Oct 2019 (pre-COVID-19) to 10 May 2020 (pre-easing of lockdown), and for the same weeks during 2018-2019. Across all hospitals, total admissions and emergency department (ED) attendances decreased after lockdown (23 March 2020) by 57.9% (57.1-58.6%) and 52.9% (52.2-53.5%) respectively compared with the previous year. Activity for cardiac, cerebrovascular and other vascular conditions started to decline 1-2 weeks before lockdown, and fell by 31-88% after lockdown, with the greatest reductions observed for coronary artery bypass grafts, carotid endarterectomy, aortic aneurysm repair and peripheral arterial disease procedures. Compared with before the first UK COVID-19 (31 January 2020), activity declined across diseases and specialties between the first case and lockdown (total ED attendances RR 0.94, 0.93-0.95; total hospital admissions RR 0.96, 0.95-0.97) and after lockdown (attendances RR 0.63, 0.62-0.64; admissions RR 0.59, 0.57-0.60). There was limited recovery towards usual levels of some activities from mid-April 2020. Interpretation: Substantial reductions in total and cardiovascular activities are likely to contribute to a major burden of indirect effects of the pandemic, suggesting they should be monitored and mitigated urgently.",,doi:https://doi.org/10.1101/2020.07.10.20151118; html:https://europepmc.org/article/PPR/PPR186560; pdf:https://europepmc.org/api/fulltextRepo?pprId=PPR186560&type=FILE&fileName=EMS87270-pdf.pdf&mimeType=application/pdf
PPR183540,https://doi.org/10.1101/2020.07.03.20145839,"The Impact of COVID-19 on Adjusted Mortality Risk in Care Homes for Older Adults in Wales, United Kingdom: A retrospective population-based cohort study for mortality in 2016-2020","Hollinghurst J, Lyons J, Fry R, Akbari A, Gravenor M, Watkins A, Verity F, Lyons RA.",,No Journal Info,2020,Y,,,,"Background: Mortality in care homes has had a prominent focus during the COVID-19 outbreak. Multiple and interconnected challenges face the care home sector in the prevention and management of outbreaks of COVID-19, including adequate supply of personal protective equipment, staff shortages, and insufficient or lack of timely COVID-19 testing. Care homes are particularly vulnerable to infectious diseases. Aim: To analyse the mortality of older care home residents in Wales during COVID-19 lockdown and compare this across the population of Wales and the previous 4-years.  Study Design and Setting: We used anonymised Electronic Health Records (EHRs) and administrative data from the Secure Anonymised Information Linkage (SAIL) Databank to create a cross-sectional cohort study. We anonymously linked data for Welsh residents to mortality data up to the 14th June 2020.  Methods: We calculated survival curves and adjusted Cox proportional hazards models to estimate hazard ratios (HRs) for the risk of mortality. We adjusted hazard ratios for age, gender, social economic status and prior health conditions.  Results: Survival curves show an increased proportion of deaths between 23rd March and 14th June 2020 in care homes for older people, with an adjusted HR of 1.72 (1.55, 1.90) compared to 2016. Compared to the general population in 2016-2019, adjusted care home mortality HRs for older adults rose from 2.15 (2.11,2.20) in 2016-2019 to 2.94 (2.81,3.08) in 2020.  Conclusions: The survival curves and increased HRs show a significantly increased risk of death in the 2020 study periods.",,doi:https://doi.org/10.1101/2020.07.03.20145839; html:https://europepmc.org/article/PPR/PPR183540; pdf:https://europepmc.org/api/fulltextRepo?pprId=PPR183540&type=FILE&fileName=EMS87632-pdf.pdf&mimeType=application/pdf
PPR179130,https://doi.org/10.1101/2020.06.22.20137182,Obesity during the COVID-19 pandemic: cause of high risk or an effect of lockdown? A population-based electronic health record analysis in 1 958 184 individuals.,"Katsoulis M, Pasea L, Lai A, Dobson RJ, Denaxas S, Hemingway H, Banerjee A.",,No Journal Info,2020,Y,,,,"Background: Obesity is a modifiable risk factor for coronavirus(COVID-19)-related mortality. We estimated excess mortality in obesity, both 'direct', through infection, and 'indirect', through changes in healthcare, and also due to potential increasing obesity during lockdown. Methods: In population-based electronic health records for 1 958 638 individuals in England, we estimated 1-year mortality risk('direct' and 'indirect' effects) for obese individuals, incorporating: (i)pre-COVID-19 risk by age, sex and comorbidities, (ii)population infection rate, and (iii)relative impact on mortality(relative risk, RR: 1.2, 1.5, 2.0 and 3.0). Using causal inference models, we estimated impact of change in body-mass index(BMI) and physical activity during 3-month lockdown on 1-year incidence for high-risk conditions(cardiovascular diseases, CVD; diabetes; chronic obstructive pulmonary disease, COPD and chronic kidney disease, CKD), accounting for confounders.  Findings: For severely obese individuals (3.5% at baseline), at 10% population infection rate, we estimated direct impact of 240 and 479 excess deaths in England at RR 1.5 and 2.0 respectively, and indirect effect of 383 to 767 excess deaths, assuming 40% and 80% will be affected at RR=1.2. Due to BMI change during the lockdown, we estimated that 97 755 (5.4%: normal weight to overweight, 5.0%: overweight to obese and 1.3%: obese to severely obese) to 434 104 individuals (15%: normal weight to overweight, 15%: overweight to obese and 6%: obese to severely obese) individuals would be at higher risk for COVID-19 over one year. Interpretation: Prevention of obesity and physical activity are at least as important as physical isolation of severely obese individuals during the pandemic.",,doi:https://doi.org/10.1101/2020.06.22.20137182; html:https://europepmc.org/article/PPR/PPR179130; pdf:https://europepmc.org/api/fulltextRepo?pprId=PPR179130&type=FILE&fileName=EMS88420-pdf.pdf&mimeType=application/pdf
